{"global_step": 4239, "_runtime": 172, "_timestamp": 1641632172, "_step": 114, "train/loss_step": 5.001334648113698e-05, "train/acc_step": 1.0, "epoch": 9, "trainer/global_step": 4239, "train/val_loss": 0.018274063244462013, "train/val_acc": 0.9983178973197937, "train/loss_epoch": 0.0019030645489692688, "train/acc_epoch": 0.9996676445007324, "_wandb": {"runtime": 173}}